rgn_id,year,value
1,2013,0.093301664525643
2,2013,0.1700543555431068
3,2013,0.06866238620132208
4,2013,0.031198436953127386
5,2013,0.13147901319898667
6,2013,0.07469615484587848
7,2013,0.13591672223992646
8,2013,0.16036320296116174
